{
  "disease_nc": {
    "Quadratic": {
      "test_mean": 0.776190459728241,
      "test_std": 0.0,
      "val_mean": 0.8221153616905212,
      "runs": [
        0.776190459728241,
        0.776190459728241,
        0.776190459728241,
        0.776190459728241,
        0.776190459728241
      ]
    },
    "LorentzLinear": {
      "test_mean": 0.776190459728241,
      "test_std": 0.0,
      "val_mean": 0.8221153616905212,
      "runs": [
        0.776190459728241,
        0.776190459728241,
        0.776190459728241,
        0.776190459728241,
        0.776190459728241
      ]
    },
    "LorentzLinear+ORF": {
      "test_mean": 0.776190459728241,
      "test_std": 0.0,
      "val_mean": 0.8221153616905212,
      "runs": [
        0.776190459728241,
        0.776190459728241,
        0.776190459728241,
        0.776190459728241,
        0.776190459728241
      ]
    },
    "Hypformer": {
      "test_mean": 0.776190459728241,
      "test_std": 0.0,
      "val_mean": 0.8221153616905212,
      "runs": [
        0.776190459728241,
        0.776190459728241,
        0.776190459728241,
        0.776190459728241,
        0.776190459728241
      ]
    }
  },
  "cora": {
    "Quadratic": {
      "test_mean": 0.34806629419326784,
      "test_std": 0.09670875366818045,
      "val_mean": 0.35120147466659546,
      "runs": [
        0.519336998462677,
        0.27624309062957764,
        0.3922652006149292,
        0.27624309062957764,
        0.27624309062957764
      ]
    },
    "LorentzLinear": {
      "test_mean": 0.24861878752708436,
      "test_std": 0.05896638075199151,
      "val_mean": 0.2480591505765915,
      "runs": [
        0.27624309062957764,
        0.13075506687164307,
        0.27808472514152527,
        0.28176796436309814,
        0.27624309062957764
      ]
    },
    "LorentzLinear+ORF": {
      "test_mean": 0.21731123328208923,
      "test_std": 0.0707623378891225,
      "val_mean": 0.22107208967208863,
      "runs": [
        0.2799263298511505,
        0.13075506687164307,
        0.13075506687164307,
        0.2688766121864319,
        0.27624309062957764
      ]
    },
    "Hypformer": {
      "test_mean": 0.3510128915309906,
      "test_std": 0.09142751424912535,
      "val_mean": 0.35157116651535036,
      "runs": [
        0.27624309062957764,
        0.4456721842288971,
        0.27808472514152527,
        0.47882136702537537,
        0.27624309062957764
      ]
    }
  },
  "citeseer": {
    "Quadratic": {
      "test_mean": 0.48528529405593873,
      "test_std": 0.07856972481038119,
      "val_mean": 0.510977441072464,
      "runs": [
        0.4369369447231293,
        0.5510510802268982,
        0.5765765905380249,
        0.36036035418510437,
        0.5015015006065369
      ]
    },
    "LorentzLinear": {
      "test_mean": 0.3294294238090515,
      "test_std": 0.15448282943902927,
      "val_mean": 0.322406017780304,
      "runs": [
        0.30930930376052856,
        0.2897897958755493,
        0.6276276111602783,
        0.21021020412445068,
        0.21021020412445068
      ]
    },
    "LorentzLinear+ORF": {
      "test_mean": 0.3576576590538025,
      "test_std": 0.15523347570565565,
      "val_mean": 0.34827067852020266,
      "runs": [
        0.575075089931488,
        0.2807807922363281,
        0.5120120048522949,
        0.21021020412445068,
        0.21021020412445068
      ]
    },
    "Hypformer": {
      "test_mean": 0.46996996402740476,
      "test_std": 0.06270453862132434,
      "val_mean": 0.4842105209827423,
      "runs": [
        0.4864864945411682,
        0.5405405163764954,
        0.36936935782432556,
        0.4309309422969818,
        0.522522509098053
      ]
    }
  },
  "airport": {
    "Quadratic": {
      "test_mean": 0.3712871313095093,
      "test_std": 0.016501653194427493,
      "val_mean": 0.3820554673671722,
      "runs": [
        0.36303630471229553,
        0.40429043769836426,
        0.36303630471229553,
        0.36303630471229553,
        0.36303630471229553
      ]
    },
    "LorentzLinear": {
      "test_mean": 0.3759075880050659,
      "test_std": 0.018622751563521948,
      "val_mean": 0.38499184250831603,
      "runs": [
        0.36303630471229553,
        0.4108910858631134,
        0.36303630471229553,
        0.36303630471229553,
        0.3795379400253296
      ]
    },
    "LorentzLinear+ORF": {
      "test_mean": 0.3617161750793457,
      "test_std": 0.00546301292073574,
      "val_mean": 0.37357258796691895,
      "runs": [
        0.36303630471229553,
        0.35148516297340393,
        0.36303630471229553,
        0.36303630471229553,
        0.367986798286438
      ]
    },
    "Hypformer": {
      "test_mean": 0.3603960394859314,
      "test_std": 0.0061389655072136345,
      "val_mean": 0.3758564472198486,
      "runs": [
        0.36303630471229553,
        0.34818482398986816,
        0.36303630471229553,
        0.36303630471229553,
        0.3646864593029022
      ]
    }
  }
}