{
  "disease_nc": {
    "Quadratic": {
      "test_mean": 0.776190459728241,
      "test_std": 0.0,
      "val_mean": 0.8221153616905212,
      "runs": [
        0.776190459728241,
        0.776190459728241,
        0.776190459728241,
        0.776190459728241,
        0.776190459728241
      ]
    },
    "LorentzLinear": {
      "test_mean": 0.776190459728241,
      "test_std": 0.0,
      "val_mean": 0.8221153616905212,
      "runs": [
        0.776190459728241,
        0.776190459728241,
        0.776190459728241,
        0.776190459728241,
        0.776190459728241
      ]
    },
    "LorentzLinear+ORF": {
      "test_mean": 0.776190459728241,
      "test_std": 0.0,
      "val_mean": 0.8221153616905212,
      "runs": [
        0.776190459728241,
        0.776190459728241,
        0.776190459728241,
        0.776190459728241,
        0.776190459728241
      ]
    },
    "Hypformer": {
      "test_mean": 0.776190459728241,
      "test_std": 0.0,
      "val_mean": 0.8221153616905212,
      "runs": [
        0.776190459728241,
        0.776190459728241,
        0.776190459728241,
        0.776190459728241,
        0.776190459728241
      ]
    }
  },
  "cora": {
    "Quadratic": {
      "test_mean": 0.3086556136608124,
      "test_std": 0.06482504606246949,
      "val_mean": 0.30573012828826907,
      "runs": [
        0.27624309062957764,
        0.43830570578575134,
        0.27624309062957764,
        0.27624309062957764,
        0.27624309062957764
      ]
    },
    "LorentzLinear": {
      "test_mean": 0.2519336998462677,
      "test_std": 0.06129471018099528,
      "val_mean": 0.2550831824541092,
      "runs": [
        0.27624309062957764,
        0.27624309062957764,
        0.3001841604709625,
        0.27624309062957764,
        0.13075506687164307
      ]
    },
    "LorentzLinear+ORF": {
      "test_mean": 0.2169429123401642,
      "test_std": 0.07040099188031608,
      "val_mean": 0.22365989089012145,
      "runs": [
        0.27624309062957764,
        0.27624309062957764,
        0.13075506687164307,
        0.2707182466983795,
        0.13075506687164307
      ]
    },
    "Hypformer": {
      "test_mean": 0.33075506091117857,
      "test_std": 0.05376270141474155,
      "val_mean": 0.33086876273155214,
      "runs": [
        0.27624309062957764,
        0.3977900445461273,
        0.2744014859199524,
        0.39042356610298157,
        0.31491711735725403
      ]
    }
  },
  "citeseer": {
    "Quadratic": {
      "test_mean": 0.2333333283662796,
      "test_std": 0.03983480853930389,
      "val_mean": 0.22075187861919404,
      "runs": [
        0.21021020412445068,
        0.3123123049736023,
        0.22372372448444366,
        0.21021020412445068,
        0.21021020412445068
      ]
    },
    "LorentzLinear": {
      "test_mean": 0.17717717587947845,
      "test_std": 0.05104221836107626,
      "val_mean": 0.17684210687875748,
      "runs": [
        0.07957957684993744,
        0.2132132202386856,
        0.21021020412445068,
        0.17267267405986786,
        0.21021020412445068
      ]
    },
    "LorentzLinear+ORF": {
      "test_mean": 0.27087087035179136,
      "test_std": 0.06071415884159965,
      "val_mean": 0.25293233096599577,
      "runs": [
        0.2177177220582962,
        0.3453453481197357,
        0.34384384751319885,
        0.21171170473098755,
        0.2357357293367386
      ]
    },
    "Hypformer": {
      "test_mean": 0.2813813775777817,
      "test_std": 0.05897365893033206,
      "val_mean": 0.27338345646858214,
      "runs": [
        0.2747747600078583,
        0.3678678572177887,
        0.32582584023475647,
        0.21021020412445068,
        0.22822822630405426
      ]
    }
  },
  "airport": {
    "Quadratic": {
      "test_mean": 0.36303630471229553,
      "test_std": 0.0,
      "val_mean": 0.3703099489212036,
      "runs": [
        0.36303630471229553,
        0.36303630471229553,
        0.36303630471229553,
        0.36303630471229553,
        0.36303630471229553
      ]
    },
    "LorentzLinear": {
      "test_mean": 0.36303630471229553,
      "test_std": 0.0,
      "val_mean": 0.3703099489212036,
      "runs": [
        0.36303630471229553,
        0.36303630471229553,
        0.36303630471229553,
        0.36303630471229553,
        0.36303630471229553
      ]
    },
    "LorentzLinear+ORF": {
      "test_mean": 0.36303630471229553,
      "test_std": 0.0,
      "val_mean": 0.3703099489212036,
      "runs": [
        0.36303630471229553,
        0.36303630471229553,
        0.36303630471229553,
        0.36303630471229553,
        0.36303630471229553
      ]
    },
    "Hypformer": {
      "test_mean": 0.36303630471229553,
      "test_std": 0.0,
      "val_mean": 0.3703099489212036,
      "runs": [
        0.36303630471229553,
        0.36303630471229553,
        0.36303630471229553,
        0.36303630471229553,
        0.36303630471229553
      ]
    }
  }
}